<?xml version="1.0" encoding="UTF-8"?>
<project-private xmlns="http://www.netbeans.org/ns/project-private/1">
    <editor-bookmarks xmlns="http://www.netbeans.org/ns/editor-bookmarks/2" lastBookmarkId="0"/>
    <open-files xmlns="http://www.netbeans.org/ns/projectui-open-files/2">
        <group>
            <file>file:/C:/Users/Carlos%20Mendes/Documents/NetBeansProjects/CEM05/src/cem05/ContaBanco.java</file>
            <file>file:/C:/Users/Carlos%20Mendes/Documents/NetBeansProjects/CEM05/src/cem05/CEM05.java</file>
        </group>
    </open-files>
</project-private>
