<?xml version="1.0" encoding="UTF-8"?>
<project-private xmlns="http://www.netbeans.org/ns/project-private/1">
    <editor-bookmarks xmlns="http://www.netbeans.org/ns/editor-bookmarks/2" lastBookmarkId="0"/>
    <open-files xmlns="http://www.netbeans.org/ns/projectui-open-files/2">
        <group>
            <file>file:/C:/Users/Carlos%20Mendes/Documents/NetBeansProjects/CEM06/src/cem06/ControleRemoto.java</file>
            <file>file:/C:/Users/Carlos%20Mendes/Documents/NetBeansProjects/CEM06/src/cem06/CEM06.java</file>
            <file>file:/C:/Users/Carlos%20Mendes/Documents/NetBeansProjects/CEM06/src/cem06/Controlador.java</file>
        </group>
    </open-files>
</project-private>
